X,Y,R,G,B,Temperature_C
0,0,255,255,254,1000.0
0,1,254,254,254,999.5049504950495
0,2,253,253,254,999.009900990099
0,3,251,251,253,998.5148514851485
0,4,250,250,253,998.019801980198
0,5,249,249,252,997.5247524752475
0,6,248,247,252,997.0297029702971
0,7,247,246,252,996.5346534653465
0,8,245,245,251,996.039603960396
0,9,243,243,251,995.5445544554456
0,10,241,242,250,995.049504950495
0,11,239,241,250,994.5544554455446
0,12,237,239,249,994.059405940594
0,13,235,237,249,993.5643564356436
0,14,233,235,249,993.0693069306931
0,15,232,234,249,992.5742574257425
0,16,230,232,248,992.0792079207921
0,17,228,230,248,991.5841584158416
0,18,227,228,248,991.0891089108911
0,19,225,227,248,990.5940594059406
0,20,223,225,248,990.0990099009902
0,21,222,223,248,989.6039603960396
0,22,220,222,247,989.1089108910891
0,23,219,220,247,988.6138613861386
0,24,217,219,247,988.1188118811881
0,25,215,217,246,987.6237623762377
0,26,214,215,246,987.1287128712871
0,27,212,214,245,986.6336633663366
0,28,210,212,245,986.1386138613861
0,29,209,211,244,985.6435643564356
0,30,207,209,244,985.1485148514852
0,31,206,207,244,984.6534653465346
0,32,204,206,244,984.1584158415842
0,33,202,204,243,983.6633663366337
0,34,201,203,243,983.1683168316831
0,35,199,201,243,982.6732673267327
0,36,198,200,243,982.1782178217821
0,37,196,198,242,981.6831683168317
0,38,194,196,242,981.1881188118812
0,39,192,194,242,980.6930693069307
0,40,191,192,242,980.1980198019802
0,41,189,190,241,979.7029702970297
0,42,187,188,241,979.2079207920792
0,43,186,187,240,978.7128712871287
0,44,184,185,240,978.2178217821782
0,45,182,184,240,977.7227722772277
0,46,181,182,239,977.2277227722773
0,47,179,181,239,976.7326732673267
0,48,178,179,239,976.2376237623762
0,49,176,178,239,975.7425742574258
0,50,174,176,238,975.2475247524752
0,51,173,175,238,974.7524752475248
0,52,171,173,238,974.2574257425742
0,53,169,172,238,973.7623762376238
0,54,168,170,237,973.2673267326733
0,55,166,168,237,972.7722772277227
0,56,165,166,237,972.2772277227723
0,57,163,164,237,971.7821782178218
0,58,161,163,236,971.2871287128713
0,59,160,162,236,970.7920792079208
0,60,158,161,236,970.2970297029703
0,61,157,160,235,969.8019801980198
0,62,155,159,235,969.3069306930693
0,63,153,158,235,968.8118811881188
0,64,152,156,234,968.3168316831683
0,65,150,154,234,967.8217821782179
0,66,149,152,234,967.3267326732673
0,67,147,150,233,966.8316831683169
0,68,145,148,233,966.3366336633663
0,69,144,146,233,965.8415841584158
0,70,142,144,233,965.3465346534654
0,71,141,143,232,964.8514851485148
0,72,139,141,232,964.3564356435644
0,73,137,139,232,963.8613861386139
0,74,136,137,232,963.3663366336634
0,75,134,135,231,962.8712871287129
0,76,133,133,231,962.3762376237623
0,77,131,131,230,961.8811881188119
0,78,130,130,230,961.3861386138614
0,79,128,128,229,960.8910891089109
0,80,126,126,229,960.3960396039604
0,81,125,125,229,959.90099009901
0,82,123,123,229,959.4059405940594
0,83,122,122,228,958.9108910891089
0,84,120,120,228,958.4158415841584
0,85,118,118,228,957.9207920792079
0,86,116,117,228,957.4257425742575
0,87,115,115,228,956.9306930693069
0,88,113,113,227,956.4356435643565
0,89,111,112,227,955.940594059406
0,90,109,110,227,955.4455445544554
0,91,108,109,227,954.950495049505
0,92,106,107,226,954.4554455445544
0,93,105,106,226,953.960396039604
0,94,104,104,225,953.4653465346535
0,95,103,103,225,952.9702970297029
0,96,101,101,225,952.4752475247525
0,97,99,100,224,951.980198019802
0,98,97,98,224,951.4851485148515
0,99,95,97,224,950.990099009901
0,100,93,95,223,950.4950495049505
0,101,92,94,223,950.0
0,102,90,92,223,949.5049504950495
0,103,89,90,222,949.009900990099
0,104,88,88,222,948.5148514851485
0,105,86,86,222,948.019801980198
0,106,84,84,221,947.5247524752475
0,107,82,82,221,947.0297029702971
0,108,81,81,221,946.5346534653465
0,109,79,79,221,946.039603960396
0,110,77,78,220,945.5445544554456
0,111,75,76,220,945.049504950495
0,112,74,75,220,944.5544554455446
0,113,72,73,219,944.059405940594
0,114,70,71,219,943.5643564356435
0,115,68,69,219,943.0693069306931
0,116,66,68,219,942.5742574257425
0,117,64,66,218,942.0792079207921
0,118,63,64,218,941.5841584158416
0,119,62,62,218,941.0891089108911
0,120,61,61,218,940.5940594059406
0,121,59,59,217,940.0990099009902
0,122,57,57,217,939.6039603960396
0,123,56,56,217,939.1089108910891
0,124,54,54,217,938.6138613861386
0,125,53,53,217,938.1188118811881
0,126,51,51,216,937.6237623762377
0,127,50,50,216,937.1287128712871
0,128,48,48,215,936.6336633663366
0,129,47,47,215,936.1386138613861
0,130,46,46,214,935.6435643564356
0,131,45,46,213,935.1485148514852
0,132,44,45,212,934.6534653465346
0,133,44,45,211,934.1584158415842
0,134,43,44,210,933.6633663366337
0,135,43,44,210,933.1683168316831
0,136,43,44,210,932.6732673267327
0,137,43,43,209,932.1782178217821
0,138,43,43,209,931.6831683168317
0,139,43,43,209,931.1881188118812
0,140,42,42,207,930.6930693069307
0,141,42,41,206,930.1980198019802
0,142,42,41,205,929.7029702970297
0,143,41,40,204,929.2079207920792
0,144,41,40,203,928.7128712871287
0,145,40,40,202,928.2178217821782
0,146,40,40,201,927.7227722772277
0,147,39,39,200,927.2277227722773
0,148,39,39,200,926.7326732673267
0,149,39,38,199,926.2376237623762
0,150,39,38,199,925.7425742574258
0,151,38,38,198,925.2475247524752
0,152,38,37,197,924.7524752475248
0,153,37,37,196,924.2574257425742
0,154,37,37,195,923.7623762376238
0,155,36,36,194,923.2673267326733
0,156,36,36,193,922.7722772277227
0,157,35,35,192,922.2772277227723
0,158,35,35,192,921.7821782178218
0,159,34,34,191,921.2871287128713
0,160,34,34,190,920.7920792079208
0,161,34,34,189,920.2970297029703
0,162,33,34,188,919.8019801980198
0,163,33,34,187,919.3069306930693
0,164,33,33,186,918.8118811881188
0,165,32,33,185,918.3168316831683
0,166,32,32,184,917.8217821782179
0,167,32,32,184,917.3267326732673
0,168,31,31,183,916.8316831683169
0,169,31,31,182,916.3366336633663
0,170,30,30,181,915.8415841584158
0,171,30,30,181,915.3465346534654
0,172,29,29,180,914.8514851485148
0,173,29,29,179,914.3564356435644
0,174,28,28,178,913.8613861386139
0,175,28,28,178,913.3663366336634
0,176,27,27,177,912.8712871287129
0,177,27,27,176,912.3762376237623
0,178,26,27,175,911.8811881188119
0,179,26,26,174,911.3861386138614
0,180,25,26,173,910.8910891089109
0,181,25,26,172,910.3960396039604
0,182,25,25,171,909.90099009901
0,183,24,25,170,909.4059405940594
0,184,24,24,170,908.9108910891089
0,185,24,24,169,908.4158415841584
0,186,23,23,168,907.9207920792079
0,187,23,23,168,907.4257425742575
0,188,23,23,167,906.9306930693069
0,189,22,22,166,906.4356435643565
0,190,22,22,166,905.940594059406
0,191,22,22,165,905.4455445544554
0,192,22,22,165,904.950495049505
0,193,21,21,164,904.4554455445544
0,194,21,21,163,903.960396039604
0,195,20,20,162,903.4653465346535
0,196,20,20,161,902.9702970297029
0,197,19,19,160,902.4752475247525
0,198,19,19,159,901.980198019802
0,199,18,18,158,901.4851485148515
0,200,18,18,157,900.990099009901
0,201,17,17,156,900.4950495049504
0,202,17,17,155,900.0
0,203,17,17,154,899.5049504950495
0,204,16,16,153,899.009900990099
0,205,16,16,152,898.5148514851485
0,206,16,16,152,898.019801980198
0,207,15,15,151,897.5247524752475
0,208,15,15,150,897.0297029702971
0,209,15,15,149,896.5346534653465
0,210,14,14,148,896.0396039603961
0,211,14,14,147,895.5445544554456
0,212,13,13,147,895.049504950495
0,213,13,13,146,894.5544554455446
0,214,12,12,145,894.059405940594
0,215,12,12,144,893.5643564356435
0,216,11,11,143,893.0693069306931
0,217,11,11,143,892.5742574257425
0,218,10,10,142,892.0792079207921
0,219,10,10,142,891.5841584158416
0,220,10,10,141,891.0891089108911
0,221,10,10,141,890.5940594059406
0,222,10,10,141,890.09900990099
0,223,9,9,140,889.6039603960396
0,224,9,9,139,889.1089108910891
0,225,8,8,138,888.6138613861386
0,226,8,8,137,888.1188118811881
0,227,7,7,136,887.6237623762377
0,228,7,7,135,887.1287128712871
0,229,7,7,134,886.6336633663366
0,230,6,6,134,886.1386138613861
0,231,6,6,133,885.6435643564356
0,232,5,5,132,885.1485148514852
0,233,5,5,131,884.6534653465346
0,234,5,5,130,884.1584158415842
0,235,4,4,129,883.6633663366337
0,236,4,4,129,883.1683168316831
0,237,4,3,129,882.6732673267327
0,238,4,3,128,882.1782178217821
0,239,3,2,128,881.6831683168317
0,240,3,2,128,881.1881188118812
0,241,2,1,127,880.6930693069307
0,242,2,1,127,880.1980198019802
0,243,2,1,126,879.7029702970297
0,244,1,2,126,879.2079207920792
0,245,1,3,125,878.7128712871287
0,246,1,4,125,878.2178217821782
0,247,1,5,124,877.7227722772277
0,248,1,6,124,877.2277227722773
0,249,1,7,124,876.7326732673267
0,250,1,9,124,876.2376237623762
0,251,1,11,125,875.7425742574258
0,252,1,13,126,875.2475247524752
0,253,1,16,126,874.7524752475248
0,254,1,18,127,874.2574257425742
0,255,1,20,128,873.7623762376238
0,256,1,22,128,873.2673267326733
0,257,1,24,129,872.7722772277227
0,258,1,25,130,872.2772277227723
0,259,1,27,131,871.7821782178218
0,260,1,28,131,871.2871287128713
0,261,1,30,132,870.7920792079208
0,262,1,32,133,870.2970297029703
0,263,1,33,134,869.8019801980198
0,264,1,35,135,869.3069306930693
0,265,1,37,136,868.8118811881188
0,266,1,39,137,868.3168316831683
0,267,1,40,138,867.8217821782177
0,268,1,42,140,867.3267326732673
0,269,1,43,141,866.8316831683169
0,270,1,45,142,866.3366336633663
0,271,1,46,143,865.8415841584158
0,272,1,48,144,865.3465346534654
0,273,1,50,145,864.8514851485148
0,274,1,52,147,864.3564356435643
0,275,1,54,147,863.8613861386139
0,276,1,56,148,863.3663366336634
0,277,1,57,149,862.8712871287129
0,278,1,59,150,862.3762376237623
0,279,1,60,151,861.8811881188119
0,280,1,62,152,861.3861386138614
0,281,1,64,153,860.8910891089108
0,282,1,65,154,860.3960396039604
0,283,1,67,155,859.9009900990098
0,284,1,69,155,859.4059405940594
0,285,1,71,156,858.9108910891089
0,286,1,73,157,858.4158415841584
0,287,1,75,157,857.9207920792079
0,288,1,77,158,857.4257425742575
0,289,1,80,159,856.9306930693069
0,290,1,82,159,856.4356435643565
0,291,1,84,160,855.940594059406
0,292,1,86,161,855.4455445544554
0,293,1,88,162,854.950495049505
0,294,1,89,163,854.4554455445544
0,295,1,90,164,853.960396039604
0,296,1,92,165,853.4653465346535
0,297,1,93,166,852.970297029703
0,298,1,94,167,852.4752475247525
0,299,1,96,168,851.980198019802
0,300,1,98,169,851.4851485148515
0,301,1,100,169,850.990099009901
0,302,1,102,170,850.4950495049505
0,303,1,104,171,850.0
0,304,1,106,171,849.5049504950496
0,305,1,108,172,849.009900990099
0,306,1,110,173,848.5148514851485
0,307,1,112,173,848.019801980198
0,308,1,114,174,847.5247524752475
0,309,1,116,175,847.029702970297
0,310,1,118,176,846.5346534653465
0,311,1,120,176,846.0396039603961
0,312,1,122,177,845.5445544554456
0,313,0,124,178,845.049504950495
0,314,0,126,179,844.5544554455446
0,315,0,128,180,844.059405940594
0,316,0,130,181,843.5643564356435
0,317,0,132,182,843.0693069306931
0,318,0,135,183,842.5742574257426
0,319,0,136,183,842.0792079207921
0,320,0,138,184,841.5841584158416
0,321,0,139,185,841.0891089108911
0,322,0,141,186,840.5940594059406
0,323,0,143,187,840.09900990099
0,324,0,146,188,839.6039603960396
0,325,0,150,189,839.1089108910891
0,326,0,151,190,838.6138613861386
0,327,0,153,191,838.1188118811881
0,328,0,154,191,837.6237623762377
0,329,0,156,192,837.1287128712871
0,330,0,157,193,836.6336633663366
0,331,0,159,194,836.1386138613861
0,332,0,161,195,835.6435643564356
0,333,0,163,196,835.1485148514852
0,334,0,165,197,834.6534653465346
0,335,0,167,198,834.1584158415842
0,336,0,169,199,833.6633663366337
0,337,0,171,200,833.1683168316831
0,338,0,173,201,832.6732673267327
0,339,0,175,202,832.1782178217821
0,340,0,176,203,831.6831683168317
0,341,0,177,204,831.1881188118812
0,342,0,179,205,830.6930693069307
0,343,0,180,206,830.1980198019802
0,344,0,182,207,829.7029702970297
0,345,0,184,208,829.2079207920792
0,346,0,186,209,828.7128712871287
0,347,0,188,210,828.2178217821781
0,348,0,191,211,827.7227722772277
0,349,0,193,212,827.2277227722773
0,350,0,195,213,826.7326732673267
0,351,0,197,214,826.2376237623762
0,352,0,199,215,825.7425742574258
0,353,0,201,216,825.2475247524753
0,354,0,203,218,824.7524752475248
0,355,0,205,218,824.2574257425742
0,356,0,207,219,823.7623762376238
0,357,0,209,219,823.2673267326733
0,358,0,211,220,822.7722772277227
0,359,0,214,220,822.2772277227723
0,360,0,215,221,821.7821782178218
0,361,0,217,222,821.2871287128713
0,362,0,218,223,820.7920792079208
0,363,0,220,225,820.2970297029703
0,364,0,222,225,819.8019801980198
0,365,0,223,226,819.3069306930693
0,366,0,225,227,818.8118811881188
0,367,0,227,227,818.3168316831683
0,368,0,228,228,817.8217821782179
0,369,0,230,229,817.3267326732673
0,370,0,232,231,816.8316831683169
0,371,0,233,233,816.3366336633663
0,372,0,235,235,815.8415841584158
0,373,0,237,236,815.3465346534654
0,374,0,238,237,814.8514851485148
0,375,0,239,238,814.3564356435644
0,376,0,240,239,813.8613861386139
0,377,0,241,241,813.3663366336634
0,378,0,242,241,812.8712871287129
0,379,0,243,242,812.3762376237623
0,380,0,247,242,811.8811881188119
0,381,0,245,243,811.3861386138614
0,382,0,243,244,810.8910891089108
0,383,0,241,241,810.3960396039604
0,384,0,239,239,809.90099009901
0,385,0,237,236,809.4059405940594
0,386,0,235,234,808.9108910891089
0,387,0,233,232,808.4158415841584
0,388,0,231,229,807.9207920792079
0,389,0,230,227,807.4257425742574
0,390,0,229,224,806.9306930693069
0,391,0,228,222,806.4356435643565
0,392,0,227,220,805.940594059406
0,393,0,226,218,805.4455445544554
0,394,0,225,216,804.950495049505
0,395,0,224,214,804.4554455445544
0,396,0,223,213,803.9603960396039
0,397,0,222,211,803.4653465346535
0,398,1,221,210,802.9702970297029
0,399,1,220,209,802.4752475247525
0,400,1,220,207,801.980198019802
0,401,1,218,206,801.4851485148515
0,402,1,216,205,800.990099009901
0,403,1,215,204,800.4950495049504
0,404,1,213,202,800.0
0,405,1,212,200,799.5049504950495
0,406,1,210,198,799.009900990099
0,407,1,209,196,798.5148514851485
0,408,1,208,194,798.019801980198
0,409,1,207,192,797.5247524752475
0,410,1,206,190,797.029702970297
0,411,1,205,189,796.5346534653465
0,412,1,202,185,796.0396039603961
0,413,1,199,182,795.5445544554456
0,414,1,198,180,795.049504950495
0,415,2,197,178,794.5544554455446
0,416,2,196,176,794.059405940594
0,417,2,196,174,793.5643564356436
0,418,2,195,173,793.0693069306931
0,419,2,194,172,792.5742574257426
0,420,2,194,171,792.0792079207921
0,421,2,192,170,791.5841584158416
0,422,2,191,169,791.0891089108911
0,423,2,190,168,790.5940594059406
0,424,2,189,167,790.09900990099
0,425,2,187,162,789.6039603960396
0,426,2,186,158,789.1089108910892
0,427,2,185,156,788.6138613861386
0,428,2,184,154,788.1188118811881
0,429,2,182,153,787.6237623762377
0,430,2,181,151,787.1287128712871
0,431,3,179,149,786.6336633663366
0,432,3,178,148,786.1386138613861
0,433,3,177,145,785.6435643564357
0,434,3,176,142,785.1485148514852
0,435,3,175,140,784.6534653465346
0,436,3,174,139,784.1584158415842
0,437,3,173,138,783.6633663366337
0,438,3,173,136,783.1683168316831
0,439,3,171,135,782.6732673267327
0,440,3,169,134,782.1782178217821
0,441,3,168,133,781.6831683168317
0,442,3,166,131,781.1881188118812
0,443,3,165,129,780.6930693069307
0,444,3,163,127,780.1980198019802
0,445,3,162,126,779.7029702970297
0,446,3,160,124,779.2079207920792
0,447,3,159,122,778.7128712871287
0,448,4,158,120,778.2178217821782
0,449,4,157,118,777.7227722772277
0,450,4,155,116,777.2277227722773
0,451,4,154,114,776.7326732673267
0,452,4,153,112,776.2376237623762
0,453,4,152,111,775.7425742574258
0,454,4,150,109,775.2475247524752
0,455,4,149,107,774.7524752475248
0,456,4,148,105,774.2574257425742
0,457,4,147,103,773.7623762376238
0,458,4,146,102,773.2673267326733
0,459,4,145,100,772.7722772277227
0,460,4,144,98,772.2772277227723
0,461,4,143,96,771.7821782178218
0,462,4,142,95,771.2871287128712
0,463,4,140,93,770.7920792079208
0,464,4,139,91,770.2970297029703
0,465,5,137,89,769.8019801980198
0,466,5,136,87,769.3069306930693
0,467,5,134,85,768.8118811881188
0,468,5,133,83,768.3168316831683
0,469,5,132,81,767.8217821782177
0,470,5,131,80,767.3267326732673
0,471,5,128,77,766.8316831683169
0,472,5,126,75,766.3366336633663
0,473,5,125,73,765.8415841584158
0,474,5,124,71,765.3465346534654
0,475,5,123,69,764.8514851485148
0,476,5,123,67,764.3564356435644
0,477,5,122,65,763.8613861386139
0,478,5,121,63,763.3663366336634
0,479,5,121,62,762.8712871287129
0,480,5,118,60,762.3762376237623
0,481,6,116,59,761.8811881188119
0,482,6,115,57,761.3861386138614
0,483,6,114,56,760.8910891089109
0,484,6,113,53,760.3960396039604
0,485,6,112,51,759.90099009901
0,486,6,111,49,759.4059405940594
0,487,6,111,47,758.9108910891089
0,488,6,107,45,758.4158415841584
0,489,6,104,43,757.9207920792079
0,490,6,103,41,757.4257425742575
0,491,6,102,39,756.9306930693069
0,492,6,102,37,756.4356435643565
0,493,6,101,35,755.940594059406
0,494,6,100,33,755.4455445544554
0,495,6,100,31,754.950495049505
0,496,6,98,29,754.4554455445544
0,497,6,97,27,753.9603960396039
0,498,7,96,25,753.4653465346535
0,499,7,95,23,752.970297029703
0,500,7,93,22,752.4752475247525
0,501,7,92,20,751.980198019802
0,502,7,91,18,751.4851485148515
0,503,7,90,16,750.990099009901
0,504,7,89,15,750.4950495049504
0,505,7,87,13,750.0
0,506,7,86,12,749.5049504950496
0,507,7,85,10,749.009900990099
0,508,7,84,9,748.5148514851485
0,509,7,82,8,748.019801980198
0,510,7,81,8,747.5247524752475
0,511,7,80,8,747.029702970297
0,512,7,79,8,746.5346534653465
0,513,7,80,8,746.0396039603961
0,514,8,81,8,745.5445544554456
0,515,9,82,8,745.049504950495
0,516,10,83,8,744.5544554455446
0,517,11,84,8,744.059405940594
0,518,12,85,8,743.5643564356435
0,519,13,86,8,743.0693069306931
0,520,14,88,8,742.5742574257426
0,521,16,89,8,742.0792079207921
0,522,18,91,8,741.5841584158416
0,523,20,92,7,741.0891089108911
0,524,22,94,7,740.5940594059406
0,525,25,95,7,740.09900990099
0,526,27,97,7,739.6039603960396
0,527,29,98,7,739.1089108910892
0,528,31,100,7,738.6138613861385
0,529,33,102,7,738.1188118811881
0,530,34,103,7,737.6237623762377
0,531,36,104,7,737.1287128712871
0,532,38,105,7,736.6336633663366
0,533,40,106,7,736.1386138613861
0,534,42,109,7,735.6435643564356
0,535,43,112,7,735.1485148514851
0,536,45,112,7,734.6534653465346
0,537,47,113,6,734.1584158415842
0,538,49,114,6,733.6633663366337
0,539,51,114,6,733.1683168316831
0,540,53,115,6,732.6732673267327
0,541,56,116,6,732.1782178217821
0,542,59,117,6,731.6831683168316
0,543,61,118,6,731.1881188118812
0,544,63,120,6,730.6930693069307
0,545,65,121,6,730.1980198019802
0,546,67,123,6,729.7029702970297
0,547,69,124,6,729.2079207920792
0,548,71,126,6,728.7128712871287
0,549,73,127,6,728.2178217821781
0,550,76,129,6,727.7227722772277
0,551,78,130,6,727.2277227722773
0,552,80,131,5,726.7326732673267
0,553,82,132,5,726.2376237623762
0,554,84,134,5,725.7425742574258
0,555,85,135,5,725.2475247524752
0,556,87,136,5,724.7524752475247
0,557,89,137,5,724.2574257425742
0,558,91,138,5,723.7623762376238
0,559,93,140,5,723.2673267326733
0,560,95,141,5,722.7722772277227
0,561,97,143,5,722.2772277227723
0,562,99,144,5,721.7821782178218
0,563,101,146,5,721.2871287128712
0,564,103,147,5,720.7920792079208
0,565,105,148,5,720.2970297029703
0,566,107,149,4,719.8019801980197
0,567,109,151,4,719.3069306930693
0,568,111,152,4,718.8118811881188
0,569,114,153,4,718.3168316831684
0,570,116,154,4,717.8217821782179
0,571,118,156,4,717.3267326732673
0,572,120,156,4,716.8316831683169
0,573,122,157,4,716.3366336633663
0,574,124,158,4,715.8415841584158
0,575,127,159,4,715.3465346534654
0,576,128,160,4,714.8514851485149
0,577,130,161,4,714.3564356435644
0,578,132,168,4,713.8613861386139
0,579,134,169,4,713.3663366336634
0,580,136,170,4,712.8712871287129
0,581,140,171,3,712.3762376237623
0,582,144,172,3,711.8811881188119
0,583,145,174,3,711.3861386138615
0,584,147,175,3,710.8910891089109
0,585,149,176,3,710.3960396039604
0,586,150,177,3,709.90099009901
0,587,152,178,3,709.4059405940594
0,588,154,180,3,708.9108910891089
0,589,155,181,3,708.4158415841584
0,590,157,182,3,707.920792079208
0,591,159,183,3,707.4257425742575
0,592,161,185,3,706.9306930693069
0,593,162,186,3,706.4356435643565
0,594,164,187,3,705.940594059406
0,595,166,188,2,705.4455445544554
0,596,168,190,2,704.950495049505
0,597,169,191,2,704.4554455445545
0,598,171,192,2,703.9603960396039
0,599,173,194,2,703.4653465346535
0,600,175,195,2,702.970297029703
0,601,177,196,2,702.4752475247525
0,602,179,198,2,701.980198019802
0,603,181,199,2,701.4851485148515
0,604,183,200,2,700.9900990099011
0,605,186,202,2,700.4950495049504
0,606,188,204,2,700.0
0,607,190,206,2,699.5049504950496
0,608,192,207,2,699.009900990099
0,609,195,208,2,698.5148514851485
0,610,197,209,1,698.019801980198
0,611,199,210,1,697.5247524752475
0,612,201,211,1,697.029702970297
0,613,204,212,1,696.5346534653465
0,614,206,213,1,696.0396039603961
0,615,208,214,1,695.5445544554456
0,616,210,215,1,695.049504950495
0,617,213,216,1,694.5544554455446
0,618,215,218,1,694.059405940594
0,619,217,220,1,693.5643564356435
0,620,220,223,1,693.0693069306931
0,621,221,224,1,692.5742574257426
0,622,223,225,1,692.0792079207921
0,623,224,226,1,691.5841584158416
0,624,226,227,0,691.0891089108911
0,625,227,229,0,690.5940594059406
0,626,229,230,0,690.09900990099
0,627,230,231,0,689.6039603960396
0,628,232,232,0,689.1089108910892
0,629,233,233,0,688.6138613861386
0,630,235,235,0,688.1188118811881
0,631,237,236,0,687.6237623762377
0,632,240,237,0,687.1287128712871
0,633,240,238,0,686.6336633663366
0,634,240,240,0,686.1386138613861
0,635,241,239,0,685.6435643564357
0,636,241,238,0,685.1485148514852
0,637,242,237,0,684.6534653465346
0,638,242,236,0,684.1584158415842
0,639,243,235,0,683.6633663366337
0,640,241,234,0,683.1683168316831
0,641,239,233,0,682.6732673267327
0,642,237,232,0,682.1782178217823
0,643,236,231,0,681.6831683168316
0,644,235,230,1,681.1881188118812
0,645,234,229,1,680.6930693069307
0,646,233,226,1,680.1980198019802
0,647,232,224,1,679.7029702970297
0,648,231,222,1,679.2079207920792
0,649,230,220,2,678.7128712871287
0,650,229,218,2,678.2178217821781
0,651,228,216,2,677.7227722772277
0,652,227,214,2,677.2277227722773
0,653,227,212,2,676.7326732673267
0,654,226,210,2,676.2376237623762
0,655,226,209,3,675.7425742574258
0,656,225,208,3,675.2475247524752
0,657,225,206,3,674.7524752475247
0,658,224,205,3,674.2574257425742
0,659,224,204,3,673.7623762376238
0,660,224,203,4,673.2673267326733
0,661,223,199,4,672.7722772277227
0,662,222,195,4,672.2772277227723
0,663,221,192,4,671.7821782178218
0,664,221,190,4,671.2871287128712
0,665,220,188,5,670.7920792079208
0,666,219,186,5,670.2970297029703
0,667,218,184,5,669.8019801980198
0,668,218,183,5,669.3069306930693
0,669,217,182,5,668.8118811881188
0,670,216,181,5,668.3168316831683
0,671,215,180,6,667.8217821782177
0,672,214,179,6,667.3267326732673
0,673,213,176,6,666.8316831683169
0,674,212,174,6,666.3366336633663
0,675,211,171,6,665.8415841584158
0,676,211,169,7,665.3465346534654
0,677,210,167,7,664.8514851485148
0,678,209,165,7,664.3564356435643
0,679,209,163,7,663.8613861386139
0,680,208,161,7,663.3663366336634
0,681,208,160,7,662.8712871287128
0,682,207,158,8,662.3762376237623
0,683,206,156,8,661.8811881188119
0,684,205,154,8,661.3861386138614
0,685,205,153,8,660.8910891089108
0,686,204,148,8,660.3960396039604
0,687,203,144,9,659.90099009901
0,688,202,142,9,659.4059405940593
0,689,202,140,9,658.9108910891089
0,690,201,139,9,658.4158415841584
0,691,201,137,9,657.9207920792079
0,692,200,136,10,657.4257425742574
0,693,200,134,10,656.9306930693069
0,694,199,133,10,656.4356435643564
0,695,199,131,10,655.940594059406
0,696,198,130,10,655.4455445544554
0,697,197,128,10,654.950495049505
0,698,196,127,11,654.4554455445545
0,699,195,125,11,653.960396039604
0,700,194,123,11,653.4653465346535
0,701,194,121,11,652.970297029703
0,702,193,119,11,652.4752475247525
0,703,192,116,12,651.980198019802
0,704,191,114,12,651.4851485148515
0,705,190,112,12,650.9900990099011
0,706,190,110,12,650.4950495049505
0,707,189,107,12,650.0
0,708,188,105,12,649.5049504950496
0,709,188,103,13,649.009900990099
0,710,187,101,13,648.5148514851485
0,711,187,99,13,648.019801980198
0,712,186,97,13,647.5247524752476
0,713,185,95,13,647.029702970297
0,714,185,93,14,646.5346534653465
0,715,184,91,14,646.0396039603961
0,716,184,89,14,645.5445544554456
0,717,183,87,14,645.049504950495
0,718,182,85,14,644.5544554455446
0,719,181,83,15,644.0594059405942
0,720,180,81,15,643.5643564356435
0,721,179,79,15,643.0693069306931
0,722,178,77,15,642.5742574257426
0,723,178,76,15,642.0792079207921
0,724,177,71,15,641.5841584158416
0,725,176,67,16,641.0891089108911
0,726,175,65,16,640.5940594059406
0,727,174,64,16,640.09900990099
0,728,173,63,16,639.6039603960396
0,729,172,61,16,639.1089108910892
0,730,171,60,17,638.6138613861386
0,731,171,59,17,638.1188118811881
0,732,170,56,17,637.6237623762377
0,733,169,54,17,637.1287128712871
0,734,168,52,17,636.6336633663366
0,735,168,50,17,636.1386138613861
0,736,168,48,18,635.6435643564357
0,737,167,46,18,635.1485148514852
0,738,167,44,18,634.6534653465346
0,739,167,42,18,634.1584158415842
0,740,167,40,18,633.6633663366337
0,741,166,38,19,633.1683168316831
0,742,165,36,19,632.6732673267327
0,743,164,34,19,632.1782178217823
0,744,163,33,19,631.6831683168317
0,745,162,31,19,631.1881188118812
0,746,162,29,20,630.6930693069307
0,747,161,27,20,630.1980198019802
0,748,161,25,20,629.7029702970297
0,749,160,23,20,629.2079207920792
0,750,160,21,20,628.7128712871288
0,751,159,19,20,628.2178217821782
0,752,159,17,21,627.7227722772277
0,753,158,14,21,627.2277227722773
0,754,158,11,21,626.7326732673267
0,755,157,8,21,626.2376237623762
0,756,156,7,21,625.7425742574258
0,757,156,7,22,625.2475247524753
0,758,154,7,22,624.7524752475247
0,759,152,7,22,624.2574257425742
0,760,152,7,22,623.7623762376238
0,761,153,7,22,623.2673267326733
0,762,154,7,22,622.7722772277227
0,763,154,7,23,622.2772277227723
0,764,155,7,23,621.7821782178218
0,765,156,7,23,621.2871287128712
0,766,156,7,23,620.7920792079208
0,767,157,7,23,620.2970297029703
0,768,158,7,24,619.8019801980198
0,769,158,7,24,619.3069306930693
0,770,159,7,24,618.8118811881188
0,771,160,7,24,618.3168316831683
0,772,160,6,24,617.8217821782177
0,773,161,6,25,617.3267326732673
0,774,162,6,26,616.8316831683169
0,775,163,6,28,616.3366336633663
0,776,164,6,29,615.8415841584158
0,777,164,6,31,615.3465346534654
0,778,164,6,33,614.8514851485148
0,779,165,6,35,614.3564356435643
0,780,165,6,37,613.8613861386139
0,781,165,6,39,613.3663366336634
0,782,166,6,41,612.8712871287129
0,783,167,6,43,612.3762376237623
0,784,168,6,45,611.8811881188119
0,785,169,6,47,611.3861386138614
0,786,170,6,50,610.8910891089108
0,787,170,6,51,610.3960396039604
0,788,171,5,53,609.90099009901
0,789,171,5,55,609.4059405940594
0,790,172,5,56,608.9108910891089
0,791,172,5,58,608.4158415841584
0,792,173,5,60,607.9207920792079
0,793,174,5,61,607.4257425742574
0,794,175,5,63,606.9306930693069
0,795,175,5,65,606.4356435643565
0,796,176,5,67,605.9405940594058
0,797,177,5,70,605.4455445544554
0,798,178,5,74,604.950495049505
0,799,179,5,78,604.4554455445544
0,800,180,5,82,603.9603960396039
0,801,181,5,86,603.4653465346535
0,802,181,5,87,602.970297029703
0,803,182,5,88,602.4752475247524
0,804,182,4,89,601.980198019802
0,805,183,4,90,601.4851485148515
0,806,184,4,91,600.990099009901
0,807,184,4,93,600.4950495049504
0,808,185,4,98,600.0
0,809,185,4,103,599.5049504950495
0,810,186,4,104,599.0099009900989
0,811,187,4,106,598.5148514851485
0,812,187,4,107,598.019801980198
0,813,187,4,109,597.5247524752475
0,814,188,4,110,597.029702970297
0,815,188,4,112,596.5346534653465
0,816,189,4,113,596.039603960396
0,817,191,4,115,595.5445544554455
0,818,193,4,116,595.049504950495
0,819,193,4,118,594.5544554455446
0,820,194,3,120,594.059405940594
0,821,194,3,123,593.5643564356436
0,822,195,3,127,593.0693069306931
0,823,195,3,129,592.5742574257426
0,824,196,3,132,592.0792079207921
0,825,196,3,134,591.5841584158416
0,826,197,3,137,591.0891089108911
0,827,198,3,138,590.5940594059407
0,828,198,3,139,590.09900990099
0,829,199,3,140,589.6039603960396
0,830,199,3,141,589.1089108910892
0,831,200,3,142,588.6138613861386
0,832,201,3,144,588.1188118811881
0,833,201,3,146,587.6237623762377
0,834,202,3,148,587.1287128712872
0,835,203,3,151,586.6336633663366
0,836,203,2,153,586.1386138613861
0,837,204,2,156,585.6435643564357
0,838,205,2,158,585.1485148514852
0,839,205,2,160,584.6534653465346
0,840,206,2,163,584.1584158415842
0,841,207,2,165,583.6633663366337
0,842,207,2,168,583.1683168316831
0,843,208,2,170,582.6732673267327
0,844,209,2,172,582.1782178217823
0,845,210,2,175,581.6831683168317
0,846,211,2,177,581.1881188118812
0,847,213,2,180,580.6930693069307
0,848,213,2,181,580.1980198019802
0,849,214,2,182,579.7029702970297
0,850,214,2,184,579.2079207920792
0,851,215,2,185,578.7128712871288
0,852,215,1,186,578.2178217821782
0,853,216,1,188,577.7227722772277
0,854,216,1,191,577.2277227722773
0,855,217,1,194,576.7326732673267
0,856,217,1,197,576.2376237623762
0,857,218,1,199,575.7425742574258
0,858,219,1,201,575.2475247524753
0,859,219,1,203,574.7524752475248
0,860,220,1,205,574.2574257425742
0,861,221,1,207,573.7623762376238
0,862,222,1,209,573.2673267326733
0,863,222,1,211,572.7722772277227
0,864,223,1,214,572.2772277227723
0,865,224,1,216,571.7821782178219
0,866,225,1,218,571.2871287128713
0,867,225,1,220,570.7920792079208
0,868,226,0,223,570.2970297029703
0,869,227,0,224,569.8019801980198
0,870,228,0,225,569.3069306930693
0,871,230,0,226,568.8118811881188
0,872,233,0,227,568.3168316831684
0,873,233,0,228,567.8217821782177
0,874,234,0,229,567.3267326732673
0,875,234,0,230,566.8316831683169
0,876,235,0,231,566.3366336633663
0,877,235,0,233,565.8415841584158
0,878,236,0,236,565.3465346534654
0,879,237,0,239,564.8514851485148
0,880,238,0,237,564.3564356435643
0,881,239,0,236,563.8613861386139
0,882,240,0,235,563.3663366336634
0,883,241,0,234,562.8712871287129
0,884,242,0,233,562.3762376237623
0,885,244,0,232,561.8811881188119
0,886,246,0,231,561.3861386138614
0,887,248,0,230,560.8910891089108
0,888,245,0,229,560.3960396039604
0,889,243,0,228,559.90099009901
0,890,241,0,227,559.4059405940594
0,891,239,0,225,558.9108910891089
0,892,236,0,224,558.4158415841584
0,893,233,0,223,557.9207920792079
0,894,230,0,222,557.4257425742574
0,895,228,0,221,556.9306930693069
0,896,227,0,220,556.4356435643565
0,897,226,0,219,555.940594059406
0,898,225,0,218,555.4455445544554
0,899,224,0,217,554.950495049505
0,900,223,0,216,554.4554455445544
0,901,220,0,215,553.9603960396039
0,902,218,0,214,553.4653465346535
0,903,216,0,212,552.970297029703
0,904,214,0,211,552.4752475247525
0,905,212,0,210,551.980198019802
0,906,210,0,208,551.4851485148515
0,907,208,0,207,550.990099009901
0,908,206,0,206,550.4950495049504
0,909,201,0,201,550.0
0,910,196,0,196,549.5049504950496
0,911,194,0,194,549.0099009900989
0,912,193,0,192,548.5148514851485
0,913,192,0,191,548.019801980198
0,914,191,0,189,547.5247524752475
0,915,190,0,188,547.029702970297
0,916,189,0,186,546.5346534653465
0,917,188,0,185,546.0396039603961
0,918,185,0,183,545.5445544554455
0,919,183,0,182,545.049504950495
0,920,181,0,180,544.5544554455446
0,921,179,0,179,544.059405940594
0,922,176,0,175,543.5643564356435
0,923,174,0,171,543.0693069306931
0,924,172,0,169,542.5742574257425
0,925,170,0,167,542.079207920792
0,926,168,0,165,541.5841584158416
0,927,166,0,163,541.0891089108911
0,928,164,0,160,540.5940594059406
0,929,162,0,158,540.09900990099
0,930,158,0,156,539.6039603960396
0,931,154,0,154,539.1089108910891
0,932,152,0,152,538.6138613861385
0,933,151,0,151,538.1188118811881
0,934,150,0,150,537.6237623762377
0,935,148,0,149,537.1287128712871
0,936,147,0,148,536.6336633663366
0,937,146,0,147,536.1386138613861
0,938,145,0,146,535.6435643564356
0,939,141,0,143,535.1485148514851
0,940,137,0,141,534.6534653465346
0,941,135,0,138,534.1584158415842
0,942,134,0,136,533.6633663366337
0,943,132,0,133,533.1683168316831
0,944,131,0,131,532.6732673267327
0,945,129,0,128,532.1782178217821
0,946,128,0,126,531.6831683168316
0,947,124,0,124,531.1881188118812
0,948,120,0,121,530.6930693069307
0,949,117,0,119,530.1980198019803
0,950,115,0,117,529.7029702970297
0,951,113,0,114,529.2079207920792
0,952,111,0,112,528.7128712871288
0,953,109,0,110,528.2178217821782
0,954,107,0,108,527.7227722772277
0,955,106,0,107,527.2277227722773
0,956,105,0,106,526.7326732673267
0,957,104,0,104,526.2376237623762
0,958,103,0,103,525.7425742574258
0,959,102,0,102,525.2475247524753
0,960,99,0,100,524.7524752475248
0,961,97,0,98,524.2574257425742
0,962,94,0,96,523.7623762376238
0,963,92,0,94,523.2673267326733
0,964,90,0,91,522.7722772277227
0,965,88,0,89,522.2772277227723
0,966,86,0,86,521.7821782178219
0,967,85,0,84,521.2871287128713
0,968,82,0,80,520.7920792079208
0,969,80,0,76,520.2970297029703
0,970,77,0,74,519.8019801980198
0,971,75,0,72,519.3069306930693
0,972,72,0,70,518.8118811881188
0,973,70,0,68,518.3168316831684
0,974,68,0,66,517.8217821782179
0,975,66,0,64,517.3267326732673
0,976,64,0,62,516.8316831683169
0,977,63,0,60,516.3366336633663
0,978,61,0,59,515.8415841584158
0,979,59,0,57,515.3465346534654
0,980,58,0,56,514.8514851485149
0,981,55,0,55,514.3564356435644
0,982,53,0,53,513.8613861386139
0,983,51,0,52,513.3663366336634
0,984,49,0,51,512.8712871287129
0,985,47,0,46,512.3762376237623
0,986,45,0,42,511.8811881188119
0,987,43,0,40,511.3861386138614
0,988,41,0,39,510.8910891089109
0,989,37,0,38,510.3960396039604
0,990,34,0,36,509.9009900990099
0,991,32,0,35,509.4059405940594
0,992,30,0,34,508.91089108910893
0,993,28,0,30,508.41584158415844
0,994,26,0,27,507.9207920792079
0,995,24,0,24,507.4257425742574
0,996,22,0,22,506.9306930693069
0,997,20,0,20,506.43564356435644
0,998,18,0,18,505.94059405940595
0,999,17,0,16,505.44554455445547
0,1000,14,0,14,504.950495049505
0,1001,12,0,12,504.45544554455444
0,1002,9,0,10,503.96039603960395
0,1003,7,0,8,503.46534653465346
0,1004,4,0,6,502.970297029703
0,1005,2,0,4,502.4752475247525
0,1006,0,0,2,501.980198019802
0,1007,0,0,0,501.48514851485146
0,1008,0,0,0,500.990099009901
0,1009,0,0,0,500.4950495049505
0,1010,0,0,0,500.0
